SubjectCode,Subject Description,Section,StartTime,EndTime,"Day(Monday = M, Tuesday = T, Wednesday = W, Thursday = H, Friday = F, Saturday = S)",daycount(number of days),Units,"ClassType(Regular Load = R, Requested Tutorial = RT, Converted Tutorial = CT)"
ITC101,Intro to Computing,BSCS1A,7:30:00,8:50:00,"M, W, F",3,3,R
ITS201,Intro to Statistics,BSCS2A,8:50:00,10:10:00,"M, W, F",3,3,R
PROG101A,Programming 101 Lec,BSCS1A,12:50:00,14:10:00,"M, W",2,3,R
ETS101,Emerging Technologies in Society,BSCS1A,10:10:00,11:30:00,"M, W, F",3,3,R
PROG101B,Programming 101 Lab,BSCS1A,13:30:00,17:30:00,F,1,1,R
CE101,Computer Lab Etiquette,BSCS1A,7:30:00,8:50:00,T,1,1,R
ADV101,Advanced Java Programming Lab,BSCS2A,9:30:00,11:30:00,"T, H",2,1,R
